{
  "q10": -0.5371976017951965,
  "q25": -0.42339251935482025,
  "q50": -0.25576721131801605,
  "q75": 0.2553030997514725,
  "mean": -0.11963544467091561,
  "std": 0.37162100678482746,
  "min": -0.7286206483840942,
  "max": 0.7808569073677063,
  "n_samples": 500
}