{
  "acc": 49.61094081584532,
  "correct": 2104,
  "count": 4241,
  "img_acc": 47.29796727813584,
  "img_correct": 954,
  "img_count": 2017
}